트랙포인트고유번호,부모트랙고유번호,트랙포인트정렬순서,트랙포인트경도,트랙포인트위도,트랙포인트해발고도,트랙포인트X좌표,트랙포인트Y좌표
27038670,20193338814,14,128.315406,36.113676,89.51,1073385.75,1791049.67
27038680,20193338814,24,128.315595,36.11437,111.39,1073402.12,1791126.79
27038690,20193338814,34,128.316141,36.115085,96.61,1073450.59,1791206.51
27038700,20193338814,44,128.316721,36.115867,114.5,1073502.06,1791293.69
27038730,20193338814,60,128.318281,36.116787,118.19,1073641.6,1791396.92
27038750,20193338814,67,128.318748,36.11732,108.93,1073683.13,1791456.39
27038790,20193338814,80,128.319845,36.11815,102.57,1073781.08,1791549.29
27038830,20193338814,93,128.320173,36.119266,110.26,1073809.56,1791673.33
27038880,20193338814,107,128.31944,36.120497,112.84,1073742.44,1791809.31
27039130,20193338814,157,128.323085,36.122329,87.47,1074068.74,1792015.29
27039140,20193338814,159,128.323299,36.12241,86.62,1074087.92,1792024.44
27039150,20193338814,161,128.323547,36.122548,89.48,1074110.11,1792039.93
27039220,20193338814,175,128.325075,36.123216,81.46,1074246.99,1792115.19
27039230,20193338814,177,128.325303,36.123284,81.36,1074267.44,1792122.91
27039300,20193338814,191,128.326815,36.123543,81.28,1074403.26,1792152.8
27039310,20193338814,193,128.326974,36.123634,86.08,1074417.49,1792163.01
27039340,20193338814,199,128.327734,36.123635,80.22,1074485.88,1792163.71
27039380,20193338814,207,128.328695,36.123668,82.41,1074572.33,1792168.1
27039420,20193338814,215,128.328969,36.123684,83.37,1074596.97,1792170.09
27039430,20193338814,217,128.328749,36.123615,82.99,1074577.24,1792162.27
27039440,20193338814,219,128.328534,36.123547,84.15,1074557.95,1792154.56
27039450,20193338814,221,128.328603,36.123563,79.87,1074564.15,1792156.39
27039460,20193338814,223,128.328738,36.123707,80.82,1074576.16,1792172.46
27039470,20193338814,225,128.328983,36.123792,79.11,1074598.13,1792182.08
27039640,20193338814,262,128.330341,36.122094,89.61,1074721.94,1791994.78
27039660,20193338814,269,128.330604,36.12154,105.22,1074746.13,1791933.53
27039710,20193338814,281,128.330199,36.120499,120.01,1074710.67,1791817.75
27039720,20193338814,283,128.330288,36.120389,121.5,1074718.79,1791805.62
27039750,20193338814,289,128.330497,36.119888,144.98,1074738.07,1791750.21
27039780,20193338814,299,128.329541,36.119932,161.44,1074651.99,1791754.35
27039840,20193338814,314,128.327924,36.119827,155.52,1074506.57,1791741.47
27039990,20193338814,339,128.325568,36.118805,144.76,1074295.51,1791626.3
27040020,20193338814,343,128.325224,36.118596,160.93,1074264.75,1791602.86
27040100,20193338814,354,128.324067,36.118306,179.99,1074160.9,1791569.81
27040240,20193338814,374,128.322996,36.117872,193.58,1074064.92,1791520.85
27040560,20193338814,433,128.321994,36.113118,278.91,1073979.2,1790992.77
27040630,20193338814,443,128.321917,36.112244,253.23,1073973.09,1790895.77
27040660,20193338814,447,128.321982,36.111993,265.76,1073979.18,1790867.98
27040750,20193338814,460,128.321839,36.110861,272.65,1073967.37,1790742.31
27040770,20193338814,463,128.321674,36.110582,271.53,1073952.78,1790711.23
27040940,20193338814,487,128.320932,36.108675,283.1,1073887.78,1790499.15
27041060,20193338814,504,128.321566,36.10736,261.52,1073946.08,1790353.77
27041200,20193338814,524,128.32186,36.105685,274.99,1073974.11,1790168.2
27041280,20193338814,536,128.322249,36.104646,268.4,1074010.1,1790053.25
27041290,20193338814,538,128.322338,36.104459,269.09,1074018.29,1790032.58
27041300,20193338814,540,128.32242,36.104271,265.73,1074025.84,1790011.79
27041310,20193338814,542,128.322631,36.10416,256.25,1074044.94,1789999.63
27041320,20193338814,544,128.322764,36.104037,248.75,1074057.03,1789986.09
27041490,20193338814,578,128.324245,36.101337,272.64,1074192.87,1789687.74
27041520,20193338814,588,128.325118,36.100674,260.75,1074272.08,1789614.86
27041530,20193338814,591,128.325329,36.100409,260.07,1074291.32,1789585.63
27041540,20193338814,594,128.325591,36.100328,256.18,1074314.99,1789576.85
27041560,20193338814,601,128.325572,36.099999,246.68,1074313.58,1789540.34
27041580,20193338814,608,128.325287,36.099554,236.59,1074288.35,1789490.76
27041610,20193338814,618,128.3259,36.098997,269.15,1074344.05,1789429.45
27041630,20193338814,631,128.326931,36.098217,289.94,1074437.6,1789343.72
27041640,20193338814,641,128.327615,36.097591,325.96,1074499.76,1789274.81
27041650,20193338814,651,128.328494,36.097234,351.5,1074579.23,1789235.88
27041660,20193338814,661,128.329184,36.09681,390.11,1074641.74,1789189.38
27041670,20193338814,671,128.32888,36.095985,376.56,1074615.15,1789097.64
27041680,20193338814,681,128.329161,36.095225,384.29,1074641.17,1789013.56
27041750,20193338814,697,128.329815,36.094079,418.68,1074701.13,1788886.94
27041760,20193338814,699,128.329891,36.093966,431.69,1074708.08,1788874.47
27041830,20193338814,713,128.330568,36.093187,491.02,1074769.76,1788788.58
27041840,20193338814,715,128.330668,36.093052,467.56,1074778.89,1788773.69
27041850,20193338814,717,128.330754,36.092942,476.03,1074786.74,1788761.55
27041860,20193338814,719,128.330829,36.092811,457.24,1074793.61,1788747.08
27041880,20193338814,723,128.330886,36.092521,466.52,1074799.02,1788714.95
27042000,20193338814,748,128.329876,36.091386,536.34,1074709.17,1788588.28
27042010,20193338814,750,128.329681,36.09132,541.55,1074691.68,1788580.81
27042020,20193338814,752,128.329482,36.091236,537.27,1074673.84,1788571.34
27042030,20193338814,754,128.329274,36.091224,519.46,1074655.13,1788569.85
27042040,20193338814,756,128.329094,36.091151,461.21,1074638.99,1788561.62
27042050,20193338814,758,128.328928,36.091102,499.69,1074624.09,1788556.05
27042230,20193338814,794,128.325515,36.091245,545.69,1074316.7,1788569.3
27042250,20193338814,798,128.32517,36.091242,542.49,1074285.64,1788568.71
27042320,20193338814,815,128.32357,36.091072,533.29,1074141.76,1788548.63
27042330,20193338814,825,128.322712,36.091599,511.89,1074064.02,1788606.43
27042340,20193338814,835,128.321688,36.091586,480.26,1073971.84,1788604.21
27042350,20193338814,845,128.320821,36.09103,472.52,1073894.31,1788541.88
27042360,20193338814,855,128.319774,36.090751,462.09,1073800.32,1788510.14
27042370,20193338814,865,128.31871,36.090541,494.93,1073704.72,1788486.04
27042380,20193338814,875,128.318204,36.089792,484.69,1073659.87,1788402.57
27042420,20193338814,889,128.317354,36.088636,481.15,1073584.42,1788273.71
27042450,20193338814,899,128.316214,36.088529,453.19,1073481.89,1788260.98
27042480,20193338814,909,128.316048,36.089311,448.73,1073466.21,1788347.59
27042510,20193338814,919,128.316035,36.09022,422.35,1073464.2,1788448.41
27042540,20193338814,929,128.315875,36.091095,399.64,1073448.98,1788545.34
27042590,20193338814,945,128.316002,36.09246,338.88,1073459.14,1788696.84
27042610,20193338814,952,128.316001,36.093036,343.8,1073458.52,1788760.73
27042630,20193338814,959,128.315689,36.093506,332.89,1073429.99,1788812.63
27042660,20193338814,969,128.316399,36.094122,311.61,1073493.34,1788881.49
27042690,20193338814,979,128.317289,36.09473,306.04,1073572.89,1788949.6
27042730,20193338814,992,128.318272,36.095608,280.43,1073660.56,1789047.74
27042780,20193338814,1009,128.318825,36.09667,254.4,1073709.35,1789165.95
27042800,20193338814,1016,128.318647,36.097169,243.6,1073692.86,1789221.17
27042830,20193338814,1026,128.319099,36.097876,233.56,1073732.89,1789299.93
27042860,20193338814,1042,128.319289,36.099373,227.48,1073748.6,1789466.12
27042870,20193338814,1052,128.319612,36.100367,213.65,1073776.74,1789576.62
27042880,20193338814,1062,128.319718,36.101249,204.8,1073785.46,1789674.53
27042890,20193338814,1072,128.31912,36.101939,174.01,1073730.98,1789750.61
27042900,20193338814,1076,128.318734,36.102217,174.59,1073695.98,1789781.16
27042920,20193338814,1083,128.318049,36.102739,170.63,1073633.83,1789838.54
27042930,20193338814,1086,128.317873,36.102981,201.95,1073617.76,1789865.25
27042960,20193338814,1096,128.317466,36.103903,156.61,1073580.27,1789967.21
27042990,20193338814,1106,128.317096,36.104827,150.94,1073546.1,1790069.42
27043020,20193338814,1116,128.317162,36.105855,147.94,1073551.09,1790183.49
27043040,20193338814,1123,128.316734,36.106542,144.8,1073511.92,1790259.37
27043050,20193338814,1126,128.316629,36.106829,150.07,1073502.2,1790291.13
27043080,20193338814,1136,128.316652,36.107808,143.15,1073503.36,1790399.73
27043110,20193338814,1146,128.316388,36.108766,131.71,1073478.71,1790505.8
27043140,20193338814,1156,128.316785,36.109726,136.36,1073513.55,1790612.58
27043170,20193338814,1166,128.316548,36.110716,125.36,1073491.29,1790722.21
27043200,20193338814,1176,128.31626,36.111711,118.89,1073464.44,1790832.36
27043230,20193338814,1186,128.315674,36.112314,114.66,1073411.14,1790898.8
27043270,20193338814,1199,128.315249,36.1133,115.4,1073371.97,1791007.85
27038671,20193338814,15,128.315486,36.1137,99.41,0,0
27038681,20193338814,25,128.315647,36.114466,111.86,0,0
27038691,20193338814,35,128.316145,36.11518,97.1,0,0
27038701,20193338814,45,128.3168,36.115947,114.59,0,0
27038711,20193338814,54,128.317576,36.116623,118.93,0,0
27038721,20193338814,57,128.317921,36.116724,120.29,0,0
27038771,20193338814,74,128.319305,36.117775,96.4,0,0
27038781,20193338814,77,128.319617,36.117913,94.12,0,0
27038811,20193338814,87,128.3202,36.11871,113.15,0,0
27038821,20193338814,90,128.320246,36.11898,106.69,0,0
27038851,20193338814,100,128.319792,36.119875,116.15,0,0
27038861,20193338814,103,128.319624,36.12013,116,0,0
27038871,20193338814,105,128.319529,36.12032,113.64,0,0
27039161,20193338814,163,128.32377,36.122631,85.19,0,0
27039181,20193338814,167,128.324139,36.122862,84.57,0,0
27039191,20193338814,169,128.324351,36.122968,84.13,0,0
27039201,20193338814,171,128.32455,36.123074,83.28,0,0
27039211,20193338814,173,128.324814,36.123142,82.61,0,0
27039241,20193338814,179,128.325505,36.123327,83.24,0,0
27039251,20193338814,181,128.325705,36.123386,84.24,0,0
27039261,20193338814,183,128.32592,36.123436,88.46,0,0
27039271,20193338814,185,128.326111,36.123484,81.29,0,0
27039281,20193338814,187,128.326344,36.123507,80.35,0,0
27039291,20193338814,189,128.326566,36.123525,80.51,0,0
27039321,20193338814,195,128.327232,36.123613,80.09,0,0
27039331,20193338814,197,128.327488,36.123621,78.94,0,0
27039351,20193338814,201,128.32797,36.123637,81.88,0,0
27039361,20193338814,203,128.328222,36.123685,80.7,0,0
27039371,20193338814,205,128.328442,36.123632,80.6,0,0
27039391,20193338814,209,128.328944,36.12373,81.72,0,0
27039401,20193338814,211,128.329164,36.123704,82.06,0,0
27039481,20193338814,227,128.32917,36.123928,77.41,0,0
27039581,20193338814,247,128.329901,36.123173,26.45,0,0
27039591,20193338814,249,128.330043,36.12304,31.15,0,0
27039601,20193338814,251,128.330151,36.122879,41.62,0,0
27039651,20193338814,266,128.330619,36.121819,95.86,0,0
27039681,20193338814,275,128.330475,36.120983,113.65,0,0
27039691,20193338814,277,128.330429,36.120792,118.94,0,0
27039701,20193338814,279,128.330313,36.120637,123.25,0,0
27039771,20193338814,296,128.329847,36.11984,147.45,0,0
27039791,20193338814,303,128.329137,36.120103,164.38,0,0
27039861,20193338814,318,128.327546,36.119572,151.96,0,0
27039871,20193338814,320,128.327371,36.119438,146.61,0,0
27039881,20193338814,322,128.327193,36.119281,140.14,0,0
27039891,20193338814,324,128.327063,36.119164,149.3,0,0
27039901,20193338814,326,128.326902,36.119009,148.39,0,0
27040171,20193338814,364,128.32304,36.118272,200.34,0,0
27040261,20193338814,377,128.323025,36.117599,204.63,0,0
27040271,20193338814,379,128.323134,36.117436,201.61,0,0
27040281,20193338814,381,128.323222,36.117246,202.42,0,0
27040291,20193338814,383,128.323193,36.117069,198.36,0,0
27040301,20193338814,385,128.323147,36.116897,194.77,0,0
27040381,20193338814,401,128.323074,36.115573,225.38,0,0
27040391,20193338814,403,128.323143,36.1154,228.3,0,0
27040401,20193338814,405,128.32311,36.115248,228.53,0,0
27040411,20193338814,407,128.323088,36.115096,219.67,0,0
27040521,20193338814,427,128.322328,36.113539,279.61,0,0
27040581,20193338814,436,128.321867,36.112881,272.82,0,0
27040791,20193338814,466,128.321466,36.110368,273.65,0,0
27040961,20193338814,490,128.321116,36.108452,272.64,0,0
27041011,20193338814,497,128.321743,36.108019,274.73,0,0
27041031,20193338814,500,128.321746,36.107727,273.35,0,0
27041181,20193338814,521,128.321573,36.105804,245.05,0,0
27041221,20193338814,527,128.322152,36.105527,276.19,0,0
27041331,20193338814,546,128.322895,36.103876,251.38,0,0
27041351,20193338814,550,128.323038,36.103558,267.8,0,0
27041361,20193338814,552,128.323143,36.103403,270.24,0,0
27041381,20193338814,556,128.323491,36.103255,285.2,0,0
27041401,20193338814,560,128.323533,36.102929,284.61,0,0
27041421,20193338814,564,128.323635,36.10258,294.95,0,0
27041431,20193338814,566,128.323703,36.102407,294.4,0,0
27041441,20193338814,568,128.323834,36.102243,291.91,0,0
27041451,20193338814,570,128.323942,36.10206,286.77,0,0
27041461,20193338814,572,128.324023,36.101893,280.35,0,0
27041471,20193338814,574,128.32413,36.101705,281.48,0,0
27041481,20193338814,576,128.324145,36.101533,279.13,0,0
27041511,20193338814,585,128.324816,36.100876,261.05,0,0
27041551,20193338814,598,128.325671,36.100257,245.48,0,0
27041571,20193338814,605,128.32549,36.099779,243.67,0,0
27041601,20193338814,615,128.325598,36.099097,258.62,0,0
27041621,20193338814,622,128.326303,36.098839,282.93,0,0
27041631,20193338814,632,128.326995,36.098157,295.53,0,0
27041641,20193338814,642,128.327694,36.097531,317.33,0,0
27041651,20193338814,652,128.328589,36.097184,350.9,0,0
27041661,20193338814,662,128.329139,36.09672,373.89,0,0
27041671,20193338814,672,128.328911,36.095908,400.27,0,0
27041681,20193338814,682,128.329201,36.095164,393.95,0,0
27041691,20193338814,685,128.329238,36.094916,409.79,0,0
27041701,20193338814,687,128.32931,36.094787,400.9,0,0
27041721,20193338814,691,128.329467,36.094477,419.13,0,0
27041731,20193338814,693,128.329552,36.09428,424.35,0,0
27041741,20193338814,695,128.329712,36.094179,415.4,0,0
27041771,20193338814,701,128.330012,36.093819,420.01,0,0
27041781,20193338814,703,128.330069,36.093699,445.03,0,0
27041791,20193338814,705,128.330092,36.093571,445.52,0,0
27041821,20193338814,711,128.33042,36.093275,446.93,0,0
27042271,20193338814,802,128.324788,36.091094,451.97,0,0
27042321,20193338814,816,128.323468,36.09109,479.79,0,0
27042331,20193338814,826,128.322594,36.091673,443.09,0,0
27042341,20193338814,836,128.321572,36.091508,431.86,0,0
27042351,20193338814,846,128.320718,36.090977,474.62,0,0
27042361,20193338814,856,128.319672,36.090801,499.88,0,0
27042371,20193338814,866,128.318637,36.090496,483.87,0,0
27042381,20193338814,876,128.31817,36.089709,487.52,0,0
27042401,20193338814,883,128.317754,36.089114,490.91,0,0
27042411,20193338814,886,128.31757,36.088853,487.55,0,0
27042441,20193338814,896,128.316549,36.088595,466.34,0,0
27042471,20193338814,906,128.316033,36.089026,448.55,0,0
27042501,20193338814,916,128.316073,36.089952,427.2,0,0
27042531,20193338814,926,128.315965,36.090858,420.1,0,0
27042571,20193338814,939,128.316151,36.091938,382.4,0,0
27042581,20193338814,942,128.316108,36.092233,371,0,0
27042601,20193338814,949,128.315977,36.092797,354.41,0,0
27042621,20193338814,956,128.31581,36.093314,338.38,0,0
27042651,20193338814,966,128.316245,36.093905,328.27,0,0
27042681,20193338814,976,128.317039,36.094474,318.14,0,0
27042711,20193338814,986,128.317922,36.095158,284.84,0,0
27042721,20193338814,989,128.318183,36.095375,284.66,0,0
27042751,20193338814,999,128.318386,36.096018,264.21,0,0
27042771,20193338814,1006,128.31884,36.096429,267.95,0,0
27042821,20193338814,1023,128.318907,36.097617,240.78,0,0
27042851,20193338814,1033,128.31918,36.098539,226.8,0,0
27042861,20193338814,1043,128.31924,36.09946,227.38,0,0
27042871,20193338814,1053,128.319651,36.100473,213.9,0,0
27042881,20193338814,1063,128.319719,36.101342,204.62,0,0
27042891,20193338814,1073,128.319021,36.101983,174.7,0,0
27042911,20193338814,1080,128.318338,36.10253,173.51,0,0
27042951,20193338814,1093,128.317616,36.103593,160.61,0,0
27042981,20193338814,1103,128.317248,36.104563,161.99,0,0
27043011,20193338814,1113,128.31723,36.105572,145.74,0,0
27043071,20193338814,1133,128.316707,36.107499,141.85,0,0
27043101,20193338814,1143,128.316424,36.108474,139.34,0,0
27043131,20193338814,1153,128.316687,36.109439,134.74,0,0
27043161,20193338814,1163,128.316671,36.110409,129.26,0,0
27043191,20193338814,1173,128.316447,36.111447,121.41,0,0
27043221,20193338814,1183,128.315717,36.112083,119.1,0,0
27043251,20193338814,1193,128.3154,36.112749,109.7,0,0
27043261,20193338814,1196,128.315168,36.113026,117.33,0,0
27038672,20193338814,16,36.11378,128.315545,104.28,0,0
27038682,20193338814,26,36.114547,128.3157,112.14,0,0
27038692,20193338814,36,36.115265,128.31622,98.85,0,0
27038702,20193338814,46,36.116053,128.316901,113.45,0,0
27038742,20193338814,64,36.117108,128.318503,111.99,0,0
27038762,20193338814,71,36.117589,128.31903,93.13,0,0
27038802,20193338814,84,36.118451,128.320111,111.85,0,0
27038842,20193338814,97,36.11963,128.319964,115.1,0,0
27039012,20193338814,134,36.121223,128.320777,95.9,0,0
27039022,20193338814,136,36.121359,128.320978,96.5,0,0
27039032,20193338814,138,36.121444,128.32122,96.01,0,0
27039042,20193338814,140,36.121616,128.321341,86.44,0,0
27039052,20193338814,142,36.121803,128.321357,77.75,0,0
27039062,20193338814,144,36.121946,128.321474,88.85,0,0
27039172,20193338814,165,36.122738,128.323948,85.93,0,0
27039512,20193338814,233,36.124279,128.329531,47.74,0,0
27039622,20193338814,256,36.122481,128.330302,63.5,0,0
27039632,20193338814,259,36.122339,128.330183,86.68,0,0
27039672,20193338814,273,36.121169,128.33049,107.82,0,0
27039732,20193338814,285,36.120233,128.330431,130.02,0,0
27039742,20193338814,287,36.120058,128.330529,136.88,0,0
27039762,20193338814,293,36.119775,128.330088,133.51,0,0
27039782,20193338814,300,36.119985,128.329449,164.82,0,0
27039922,20193338814,329,36.118926,128.326596,143.53,0,0
27039942,20193338814,332,36.118829,128.3263,140.96,0,0
27039982,20193338814,338,36.118862,128.325672,154.43,0,0
27040062,20193338814,349,36.11848,128.324605,164.73,0,0
27040122,20193338814,357,36.11831,128.323778,192.42,0,0
27040192,20193338814,367,36.118345,128.323049,207.41,0,0
27040212,20193338814,370,36.1182,128.32291,211.57,0,0
27040312,20193338814,387,36.11674,128.323251,190.35,0,0
27040322,20193338814,389,36.116601,128.323319,192.44,0,0
27040352,20193338814,395,36.116074,128.323229,211.13,0,0
27040362,20193338814,397,36.115898,128.323171,213.19,0,0
27040372,20193338814,399,36.115704,128.323122,203.86,0,0
27040422,20193338814,409,36.114912,128.32305,230.48,0,0
27040432,20193338814,411,36.114794,128.322949,248.3,0,0
27040442,20193338814,413,36.114648,128.322887,262.44,0,0
27040452,20193338814,415,36.11453,128.322832,275.44,0,0
27040462,20193338814,417,36.114408,128.322674,268.73,0,0
27040472,20193338814,419,36.114262,128.322581,287,0,0
27040482,20193338814,421,36.114083,128.322496,288.13,0,0
27040542,20193338814,430,36.113299,128.322202,253.77,0,0
27040552,20193338814,432,36.113191,128.322061,276.21,0,0
27040602,20193338814,439,36.112631,128.32181,265.43,0,0
27040682,20193338814,450,36.111719,128.32198,268.52,0,0
27040702,20193338814,453,36.111478,128.32205,277.32,0,0
27040742,20193338814,459,36.110923,128.321952,273.01,0,0
27040812,20193338814,469,36.110207,128.321278,274.9,0,0
27040862,20193338814,476,36.109611,128.321486,278.85,0,0
27040882,20193338814,479,36.109348,128.321429,282.86,0,0
27040912,20193338814,483,36.109017,128.321122,279.35,0,0
27040982,20193338814,493,36.108204,128.321349,273.67,0,0
27041082,20193338814,507,36.107068,128.3215,263.93,0,0
27041102,20193338814,510,36.106794,128.321379,258.3,0,0
27041132,20193338814,514,36.106427,128.321399,252.9,0,0
27041262,20193338814,533,36.104926,128.32229,271.25,0,0
27041342,20193338814,548,36.103721,128.322933,259.97,0,0
27041372,20193338814,554,36.103302,128.323286,281.75,0,0
27041392,20193338814,558,36.103104,128.323544,290.59,0,0
27041502,20193338814,582,36.101102,128.324578,264.54,0,0
27041542,20193338814,595,36.100236,128.325539,252.79,0,0
27041592,20193338814,612,36.099219,128.325385,240.73,0,0
27041622,20193338814,623,36.098743,128.326328,284.06,0,0
27041632,20193338814,633,36.098103,128.327101,298.42,0,0
27041642,20193338814,643,36.097491,128.327772,323.4,0,0
27041652,20193338814,653,36.097156,128.328697,352.77,0,0
27041662,20193338814,663,36.096656,128.329096,381.99,0,0
27041672,20193338814,673,36.095848,128.328958,387.32,0,0
27041682,20193338814,683,36.095072,128.329239,397.87,0,0
27041712,20193338814,689,36.094651,128.329398,412.26,0,0
27041802,20193338814,707,36.093444,128.330142,461.21,0,0
27041812,20193338814,709,36.093367,128.330283,458.92,0,0
27041902,20193338814,728,36.092183,128.330859,510.28,0,0
27041912,20193338814,730,36.092032,128.330872,490.83,0,0
27041922,20193338814,732,36.091889,128.330904,539.45,0,0
27041932,20193338814,734,36.091763,128.330937,494.56,0,0
27041942,20193338814,736,36.091693,128.330864,529.07,0,0
27041952,20193338814,738,36.091615,128.330764,553.35,0,0
27041962,20193338814,740,36.091498,128.33067,545.28,0,0
27041972,20193338814,742,36.09141,128.33048,528.02,0,0
27041982,20193338814,744,36.091422,128.33028,530.89,0,0
27041992,20193338814,746,36.091418,128.330067,548.82,0,0
27042212,20193338814,791,36.091377,128.325831,568.44,0,0
27042302,20193338814,808,36.091039,128.324159,503.53,0,0
27042312,20193338814,810,36.090933,128.324019,535.26,0,0
27042322,20193338814,817,36.09105,128.323387,519.4,0,0
27042332,20193338814,827,36.091713,128.322494,499.05,0,0
27042342,20193338814,837,36.091511,128.321466,463.4,0,0
27042352,20193338814,847,36.090933,128.320614,473.61,0,0
27042362,20193338814,857,36.090783,128.319568,422.65,0,0
27042372,20193338814,867,36.090447,128.318534,479.73,0,0
27042392,20193338814,880,36.089383,128.317905,484.72,0,0
27042432,20193338814,893,36.088512,128.316895,470.62,0,0
27042462,20193338814,903,36.088763,128.315976,444.02,0,0
27042492,20193338814,913,36.089669,128.316019,435.56,0,0
27042522,20193338814,923,36.090587,128.316005,418.26,0,0
27042552,20193338814,933,36.091404,128.31611,398.41,0,0
27042562,20193338814,936,36.091676,128.316153,393.98,0,0
27042642,20193338814,963,36.093739,128.316012,328.18,0,0
27042672,20193338814,973,36.094286,128.316778,320.53,0,0
27042702,20193338814,983,36.094971,128.317582,290.96,0,0
27042742,20193338814,996,36.09592,128.318416,268.36,0,0
27042762,20193338814,1003,36.096176,128.318689,259.21,0,0
27042792,20193338814,1013,36.096919,128.318598,246.28,0,0
27042812,20193338814,1020,36.097469,128.318705,242.28,0,0
27042842,20193338814,1030,36.098245,128.319173,235.71,0,0
27042852,20193338814,1034,36.09865,128.319134,226.04,0,0
27042862,20193338814,1044,36.099549,128.319242,225.47,0,0
27042872,20193338814,1054,36.100559,128.319723,216.92,0,0
27042882,20193338814,1064,36.101441,128.319755,203.68,0,0
27042942,20193338814,1090,36.103311,128.317704,163.63,0,0
27042972,20193338814,1100,36.104254,128.317332,157.23,0,0
27043002,20193338814,1110,36.105278,128.317149,147.59,0,0
27043032,20193338814,1120,36.10627,128.316931,145.23,0,0
27043062,20193338814,1130,36.107204,128.31667,143.3,0,0
27043092,20193338814,1140,36.108197,128.316499,139.86,0,0
27043122,20193338814,1150,36.10914,128.316544,132.36,0,0
27043152,20193338814,1160,36.110107,128.316775,132.45,0,0
27043182,20193338814,1170,36.111137,128.31653,124.92,0,0
27043212,20193338814,1180,36.112044,128.315931,110.22,0,0
27043242,20193338814,1190,36.11261,128.315696,118.62,0,0
27038673,20193338814,17,36.113872,128.315517,107.78,0,0
27038683,20193338814,27,36.114623,128.315761,112.32,0,0
27038693,20193338814,37,36.115323,128.316296,103.82,0,0
27038703,20193338814,47,36.116122,128.316978,116.01,0,0
27038733,20193338814,61,36.116845,128.318369,115.85,0,0
27038753,20193338814,68,36.11736,128.318874,110.59,0,0
27038793,20193338814,81,36.118225,128.319915,101.25,0,0
27038833,20193338814,94,36.119356,128.320099,112.15,0,0
27038953,20193338814,122,36.120683,128.319859,97.71,0,0
27038963,20193338814,124,36.120867,128.319909,97.03,0,0
27038973,20193338814,126,36.121001,128.320079,95.93,0,0
27038983,20193338814,128,36.121148,128.320154,89.93,0,0
27038993,20193338814,130,36.121126,128.320398,92.88,0,0
27039003,20193338814,132,36.121073,128.320612,95.05,0,0
27039083,20193338814,148,36.122082,128.321944,85.76,0,0
27039413,20193338814,214,36.123716,128.329078,83.25,0,0
27039493,20193338814,229,36.124048,128.329305,77.62,0,0
27039503,20193338814,231,36.124174,128.329394,63.47,0,0
27039523,20193338814,235,36.124166,128.32961,48.63,0,0
27039533,20193338814,237,36.124015,128.329606,50.11,0,0
27039543,20193338814,239,36.123835,128.329562,44.88,0,0
27039573,20193338814,245,36.123325,128.329721,23.33,0,0
27039643,20193338814,263,36.122058,128.330479,85.73,0,0
27039663,20193338814,270,36.121437,128.330614,107.59,0,0
27039753,20193338814,290,36.119842,128.330392,145.08,0,0
27039963,20193338814,335,36.118916,128.326001,155.95,0,0
27040003,20193338814,341,36.118703,128.325426,157.46,0,0
27040013,20193338814,342,36.11863,128.325321,157.56,0,0
27040033,20193338814,345,36.118556,128.324994,166.8,0,0
27040093,20193338814,353,36.118315,128.32418,176.57,0,0
27040143,20193338814,360,36.118246,128.323446,190.43,0,0
27040233,20193338814,373,36.117958,128.322934,209.32,0,0
27040333,20193338814,391,36.116429,128.32335,198.73,0,0
27040343,20193338814,393,36.116245,128.32332,203.07,0,0
27040493,20193338814,423,36.11393,128.322375,290.8,0,0
27040513,20193338814,426,36.113626,128.322342,282.84,0,0
27040623,20193338814,442,36.11235,128.321847,253.31,0,0
27040763,20193338814,462,36.110681,128.321724,267.5,0,0
27040933,20193338814,486,36.108775,128.320924,283.13,0,0
27041153,20193338814,517,36.106157,128.321464,257.23,0,0
27041173,20193338814,520,36.105874,128.321515,259.29,0,0
27041243,20193338814,530,36.105246,128.322369,275.96,0,0
27041253,20193338814,532,36.105032,128.322311,275.78,0,0
27041413,20193338814,562,36.102751,128.323566,292.34,0,0
27041493,20193338814,579,36.101238,128.324303,274.01,0,0
27041523,20193338814,589,36.100576,128.325198,262.66,0,0
27041533,20193338814,592,36.100379,128.325434,259.46,0,0
27041563,20193338814,602,36.100008,128.325683,245.75,0,0
27041583,20193338814,609,36.099462,128.325272,234.76,0,0
27041613,20193338814,619,36.098968,128.326,274.22,0,0
27041623,20193338814,624,36.098682,128.326414,289.76,0,0
27041633,20193338814,634,36.098037,128.327174,294.85,0,0
27041643,20193338814,644,36.09742,128.327856,327.05,0,0
27041653,20193338814,654,36.097128,128.328804,356.3,0,0
27041663,20193338814,664,36.096584,128.329035,371.97,0,0
27041673,20193338814,674,36.095788,128.329025,396.84,0,0
27042113,20193338814,771,36.091012,128.327575,537.98,0,0
27042123,20193338814,773,36.091054,128.327396,535.27,0,0
27042133,20193338814,775,36.091097,128.327165,542.28,0,0
27042143,20193338814,777,36.091195,128.327009,510.42,0,0
27042153,20193338814,779,36.091228,128.326813,550.26,0,0
27042163,20193338814,781,36.091256,128.326666,548.99,0,0
27042183,20193338814,785,36.091381,128.326413,561.02,0,0
27042193,20193338814,787,36.091415,128.32619,568.34,0,0
27042203,20193338814,789,36.091398,128.326015,506.97,0,0
27042223,20193338814,793,36.091285,128.325625,565.29,0,0
27042283,20193338814,804,36.09112,128.32457,547.12,0,0
27042293,20193338814,806,36.091077,128.32433,547,0,0
27042323,20193338814,818,36.091151,128.323362,524.93,0,0
27042333,20193338814,828,36.091726,128.322376,434.59,0,0
27042343,20193338814,838,36.091463,128.321367,471.84,0,0
27042353,20193338814,848,36.090896,128.320484,474.06,0,0
27042363,20193338814,858,36.090783,128.319479,460.35,0,0
27042373,20193338814,868,36.090377,128.318457,480.14,0,0
27042383,20193338814,877,36.089616,128.318125,488.78,0,0
27042423,20193338814,890,36.088608,128.317243,480.84,0,0
27042453,20193338814,900,36.088514,128.316098,452.6,0,0
27042483,20193338814,910,36.089409,128.316075,446.79,0,0
27042513,20193338814,920,36.090311,128.316052,423.33,0,0
27042543,20193338814,930,36.091166,128.315922,395.16,0,0
27042593,20193338814,946,36.092524,128.316012,357.77,0,0
27042613,20193338814,953,36.09313,128.315999,347.53,0,0
27042633,20193338814,960,36.093576,128.315776,330.84,0,0
27042663,20193338814,970,36.094138,128.316481,319.58,0,0
27042693,20193338814,980,36.094779,128.317383,306.74,0,0
27042733,20193338814,993,36.095686,128.318325,277.57,0,0
27042753,20193338814,1000,36.096024,128.318473,257.86,0,0
27042783,20193338814,1010,36.096747,128.318742,248.29,0,0
27042803,20193338814,1017,36.09725,128.318687,247.58,0,0
27042833,20193338814,1027,36.097982,128.319153,233.02,0,0
27042853,20193338814,1035,36.098748,128.319139,243.63,0,0
27042863,20193338814,1045,36.099636,128.319256,220.92,0,0
27042873,20193338814,1055,36.100642,128.319784,221.05,0,0
27042883,20193338814,1065,36.101536,128.319716,199.83,0,0
27042903,20193338814,1077,36.102283,128.318615,172.97,0,0
27042933,20193338814,1087,36.103039,128.317826,177.47,0,0
27042963,20193338814,1097,36.103989,128.317433,157.83,0,0
27042993,20193338814,1107,36.104955,128.3171,149.02,0,0
27043023,20193338814,1117,36.10596,128.317103,148.74,0,0
27043053,20193338814,1127,36.106919,128.316604,146.98,0,0
27043083,20193338814,1137,36.1079,128.316613,144.9,0,0
27043113,20193338814,1147,36.108863,128.316403,131.08,0,0
27043143,20193338814,1157,36.109819,128.316796,135.34,0,0
27043173,20193338814,1167,36.110818,128.316549,124.35,0,0
27043203,20193338814,1177,36.1118,128.316203,118.18,0,0
27043233,20193338814,1187,36.112365,128.31558,113.33,0,0
27043273,20193338814,1200,36.113382,128.31531,115.63,0,0
27038664,20193338814,8,36.113503,128.315412,112.97,0,0
27038674,20193338814,18,36.113953,128.315459,106.21,0,0
27038684,20193338814,28,36.114709,128.315803,112.9,0,0
27038694,20193338814,38,36.115372,128.316393,106.63,0,0
27038704,20193338814,48,36.116191,128.317047,117.55,0,0
27038714,20193338814,55,36.116671,128.317685,118.65,0,0
27038724,20193338814,58,36.116725,128.318037,118.64,0,0
27038774,20193338814,75,36.117799,128.319425,93.72,0,0
27038784,20193338814,78,36.117993,128.319701,97.86,0,0
27038814,20193338814,88,36.118804,128.320169,110.19,0,0
27038824,20193338814,91,36.119082,128.320232,106.13,0,0
27038854,20193338814,101,36.119977,128.319773,116.98,0,0
27038884,20193338814,108,36.120589,128.319398,111.55,0,0
27038894,20193338814,110,36.120454,128.319592,108.02,0,0
27038904,20193338814,112,36.120282,128.31975,107.38,0,0
27038914,20193338814,114,36.120114,128.319888,105.88,0,0
27038924,20193338814,116,36.120145,128.320023,100.94,0,0
27038934,20193338814,118,36.120318,128.319958,99.28,0,0
27038944,20193338814,120,36.120502,128.3199,98.35,0,0
27039074,20193338814,146,36.122029,128.32169,88.24,0,0
27039094,20193338814,150,36.122114,128.322199,87.16,0,0
27039104,20193338814,152,36.122149,128.322501,87.44,0,0
27039554,20193338814,241,36.123618,128.3295,36.73,0,0
27039564,20193338814,243,36.123465,128.329555,26.63,0,0
27039614,20193338814,254,36.122663,128.330253,60.73,0,0
27039634,20193338814,260,36.122254,128.330231,87.05,0,0
27039654,20193338814,267,36.121732,128.330605,100.82,0,0
27039774,20193338814,297,36.119883,128.329773,157.3,0,0
27039794,20193338814,304,36.120129,128.329003,166.05,0,0
27039804,20193338814,307,36.120133,128.328662,156.86,0,0
27039814,20193338814,309,36.120081,128.328444,159.35,0,0
27039824,20193338814,311,36.119998,128.328212,159.62,0,0
27039834,20193338814,313,36.119888,128.328017,154.41,0,0
27040084,20193338814,352,36.118365,128.324271,173.46,0,0
27040164,20193338814,363,36.118278,128.323149,196.98,0,0
27040254,20193338814,376,36.117711,128.323001,205.1,0,0
27040534,20193338814,429,36.113381,128.322256,273.33,0,0
27040574,20193338814,435,36.112985,128.321862,275.55,0,0
27040654,20193338814,446,36.112061,128.322004,239.03,0,0
27040674,20193338814,449,36.111807,128.321945,273.01,0,0
27040834,20193338814,472,36.109942,128.321327,275.7,0,0
27040854,20193338814,475,36.109702,128.321462,276.53,0,0
27040954,20193338814,489,36.108526,128.321065,277.19,0,0
27040974,20193338814,492,36.108294,128.321295,273.66,0,0
27041004,20193338814,496,36.108067,128.321645,274.32,0,0
27041024,20193338814,499,36.107815,128.321768,270.32,0,0
27041054,20193338814,503,36.107471,128.321625,262.77,0,0
27041194,20193338814,523,36.105732,128.321762,270.04,0,0
27041214,20193338814,526,36.105609,128.322095,277.8,0,0
27041274,20193338814,535,36.10475,128.322239,268.94,0,0
27041514,20193338814,586,36.100794,128.324918,259.58,0,0
27041554,20193338814,599,36.100164,128.325644,247.87,0,0
27041574,20193338814,606,36.099712,128.325413,243.21,0,0
27041604,20193338814,616,36.099044,128.325695,260.51,0,0
27041624,20193338814,625,36.098597,128.326465,290.62,0,0
27041634,20193338814,635,36.097961,128.327211,301.08,0,0
27041644,20193338814,645,36.097376,128.327958,331.52,0,0
27041654,20193338814,655,36.097116,128.3289,362.25,0,0
27041664,20193338814,665,36.096515,128.329006,389.94,0,0
27041674,20193338814,675,36.095719,128.329056,373.89,0,0
27041854,20193338814,718,36.092876,128.330791,512.82,0,0
27041874,20193338814,722,36.092591,128.330908,512.65,0,0
27041884,20193338814,724,36.092453,128.330886,515.31,0,0
27041894,20193338814,726,36.092312,128.330867,521.36,0,0
27042044,20193338814,757,36.091131,128.329004,524.24,0,0
27042064,20193338814,761,36.091138,128.328678,538.66,0,0
27042074,20193338814,763,36.091165,128.328451,541.89,0,0
27042084,20193338814,765,36.091153,128.328244,519.38,0,0
27042094,20193338814,767,36.091098,128.328053,536.58,0,0
27042104,20193338814,769,36.091028,128.327816,536.22,0,0
27042174,20193338814,783,36.091385,128.326566,559.16,0,0
27042234,20193338814,795,36.091238,128.325434,558.67,0,0
27042324,20193338814,819,36.091234,128.323255,522.85,0,0
27042334,20193338814,829,36.091727,128.322289,491.88,0,0
27042344,20193338814,839,36.091411,128.321308,489.97,0,0
27042354,20193338814,849,36.09086,128.32041,484.33,0,0
27042364,20193338814,859,36.090799,128.319389,467.16,0,0
27042374,20193338814,869,36.09032,128.318406,439.58,0,0
27042404,20193338814,884,36.089026,128.317697,489.93,0,0
27042414,20193338814,887,36.088771,128.317506,485,0,0
27042444,20193338814,897,36.088594,128.316414,463.8,0,0
27042474,20193338814,907,36.08912,128.316047,449.33,0,0
27042504,20193338814,917,36.090042,128.316058,428.65,0,0
27042534,20193338814,927,36.090921,128.315885,410.56,0,0
27042574,20193338814,940,36.092034,128.316133,378.64,0,0
27042584,20193338814,943,36.092283,128.316047,364.53,0,0
27042604,20193338814,950,36.092901,128.315978,353.13,0,0
27042624,20193338814,957,36.093382,128.315793,323.33,0,0
27042654,20193338814,967,36.09398,128.316309,329.35,0,0
27042684,20193338814,977,36.094552,128.317116,314.82,0,0
27042714,20193338814,987,36.095229,128.318003,285.01,0,0
27042724,20193338814,990,36.095467,128.318237,282.17,0,0
27042774,20193338814,1007,36.096507,128.318878,261.13,0,0
27042794,20193338814,1014,36.096978,128.318561,237.15,0,0
27042824,20193338814,1024,36.097702,128.318925,234.6,0,0
27042854,20193338814,1036,36.098812,128.319182,233.41,0,0
27042864,20193338814,1046,36.099715,128.319283,216.16,0,0
27042874,20193338814,1056,36.100731,128.319793,222.44,0,0
27042884,20193338814,1066,36.101659,128.31969,197.28,0,0
27042894,20193338814,1074,36.102054,128.318919,175.96,0,0
27042914,20193338814,1081,36.1026,128.318255,172.83,0,0
27042924,20193338814,1084,36.102793,128.318001,198.35,0,0
27042954,20193338814,1094,36.103681,128.317554,159.68,0,0
27042984,20193338814,1104,36.104622,128.317142,156.62,0,0
27043014,20193338814,1114,36.105673,128.31722,147.68,0,0
27043044,20193338814,1124,36.106629,128.316678,145,0,0
27043074,20193338814,1134,36.1076,128.3167,143.32,0,0
27043104,20193338814,1144,36.10857,128.316392,137.46,0,0
27043134,20193338814,1154,36.109529,128.316725,135.19,0,0
27043164,20193338814,1164,36.110488,128.316621,126.99,0,0
27043194,20193338814,1174,36.111532,128.316375,119.98,0,0
27043224,20193338814,1184,36.112146,128.315797,114.57,0,0
27043254,20193338814,1194,36.112836,128.315286,112.2,0,0
27043264,20193338814,1197,36.113111,128.315121,115.88,0,0
27038665,20193338814,9,36.113568,128.315509,113.7,0,0
27038675,20193338814,19,36.113937,128.315323,108.73,0,0
27038685,20193338814,29,36.114816,128.315852,112.22,0,0
27038695,20193338814,39,36.115444,128.316477,104.38,0,0
27038705,20193338814,49,36.116264,128.317132,115.47,0,0
27038745,20193338814,65,36.117197,128.318574,110.46,0,0
27038765,20193338814,72,36.11767,128.319088,97.47,0,0
27038805,20193338814,85,36.118535,128.320184,113.22,0,0
27038845,20193338814,98,36.119705,128.319894,114.96,0,0
27038875,20193338814,106,36.120403,128.319485,113.31,0,0
27039115,20193338814,154,36.122204,128.322714,86.23,0,0
27039125,20193338814,156,36.122289,128.322982,85.64,0,0
27039145,20193338814,160,36.122489,128.323478,83.27,0,0
27039225,20193338814,176,36.12326,128.325189,81.33,0,0
27039245,20193338814,180,36.123356,128.325611,89.16,0,0
27039255,20193338814,182,36.123414,128.325816,84.72,0,0
27039275,20193338814,186,36.123496,128.326229,81.02,0,0
27039285,20193338814,188,36.123516,128.326453,82.58,0,0
27039315,20193338814,194,36.12362,128.327087,83.31,0,0
27039335,20193338814,198,36.123635,128.32762,80.17,0,0
27039345,20193338814,200,36.123616,128.327855,80.15,0,0
27039395,20193338814,210,36.123744,128.329057,82.22,0,0
27039425,20193338814,216,36.123649,128.328859,83.5,0,0
27039435,20193338814,218,36.123587,128.328635,83.07,0,0
27039445,20193338814,220,36.123525,128.3285,82.7,0,0
27039455,20193338814,222,36.123654,128.328638,79.33,0,0
27039465,20193338814,224,36.123739,128.328863,79.44,0,0
27039475,20193338814,226,36.123875,128.329064,78.21,0,0
27039625,20193338814,257,36.122403,128.330299,71.94,0,0
27039705,20193338814,280,36.120583,128.330231,116.41,0,0
27039715,20193338814,282,36.120435,128.330227,129.72,0,0
27039765,20193338814,294,36.119819,128.330018,145.68,0,0
27039785,20193338814,301,36.120026,128.329344,166.17,0,0
27039845,20193338814,315,36.119761,128.327843,152.66,0,0
27039855,20193338814,317,36.119642,128.327633,152.98,0,0
27039915,20193338814,328,36.118946,128.326689,136.26,0,0
27039935,20193338814,331,36.118855,128.3264,152.36,0,0
27040055,20193338814,348,36.118514,128.32468,154.58,0,0
27040075,20193338814,351,36.118398,128.324374,167.46,0,0
27040115,20193338814,356,36.118258,128.323858,188.19,0,0
27040135,20193338814,359,36.118275,128.32355,186.88,0,0
27040185,20193338814,366,36.118328,128.32294,205.5,0,0
27040545,20193338814,431,36.113252,128.32213,266.94,0,0
27040595,20193338814,438,36.112709,128.321887,268.63,0,0
27040735,20193338814,458,36.111006,128.322026,275.05,0,0
27040785,20193338814,465,36.110448,128.321535,269.43,0,0
27040805,20193338814,468,36.110285,128.321328,272.52,0,0
27040905,20193338814,482,36.109102,128.321199,282.31,0,0
27040925,20193338814,485,36.108867,128.320968,281.13,0,0
27040995,20193338814,495,36.108102,128.321538,272.85,0,0
27041075,20193338814,506,36.107161,128.321562,261.52,0,0
27041095,20193338814,509,36.106886,128.321413,259.28,0,0
27041125,20193338814,513,36.106515,128.321311,257.65,0,0
27041235,20193338814,529,36.105325,128.322269,275.27,0,0
27041285,20193338814,537,36.104558,128.322306,267.47,0,0
27041295,20193338814,539,36.104348,128.322355,266.37,0,0
27041305,20193338814,541,36.104179,128.322517,259.59,0,0
27041315,20193338814,543,36.104125,128.322733,251.33,0,0
27041395,20193338814,559,36.103013,128.323512,290.7,0,0
27041505,20193338814,583,36.101011,128.324659,263.01,0,0
27041545,20193338814,596,36.100287,128.325659,254.59,0,0
27041565,20193338814,603,36.099954,128.325589,245.22,0,0
27041595,20193338814,613,36.099227,128.325464,251.82,0,0
27041625,20193338814,626,36.098516,128.326513,290.13,0,0
27041635,20193338814,636,36.097904,128.3273,301.95,0,0
27041645,20193338814,646,36.097319,128.328064,331.03,0,0
27041655,20193338814,656,36.097075,128.328978,368,0,0
27041665,20193338814,666,36.096413,128.328982,394.96,0,0
27041675,20193338814,676,36.095658,128.329083,396.89,0,0
27041745,20193338814,696,36.094133,128.32977,407.59,0,0
27041755,20193338814,698,36.094027,128.32986,404.19,0,0
27041765,20193338814,700,36.093893,128.329938,438.05,0,0
27041825,20193338814,712,36.093229,128.330495,478.54,0,0
27041835,20193338814,714,36.093119,128.330616,444.52,0,0
27041845,20193338814,716,36.092998,128.330709,489.14,0,0
27041865,20193338814,720,36.092758,128.330895,493.17,0,0
27042005,20193338814,749,36.091357,128.329791,542.08,0,0
27042015,20193338814,751,36.091267,128.329587,538.08,0,0
27042025,20193338814,753,36.091234,128.329361,478.79,0,0
27042035,20193338814,755,36.0912,128.32919,531.87,0,0
27042055,20193338814,759,36.091093,128.32884,479.76,0,0
27042245,20193338814,797,36.091268,128.325265,501.28,0,0
27042255,20193338814,799,36.091208,128.325085,551.38,0,0
27042265,20193338814,801,36.091107,128.32491,542.38,0,0
27042325,20193338814,820,36.09131,128.323172,523.24,0,0
27042335,20193338814,830,36.091744,128.322171,494,0,0
27042345,20193338814,840,36.091368,128.321243,470.21,0,0
27042355,20193338814,850,36.090851,128.320328,472.23,0,0
27042365,20193338814,860,36.090795,128.319276,476.25,0,0
27042375,20193338814,870,36.090253,128.318367,473.55,0,0
27042395,20193338814,881,36.089287,128.317871,483.93,0,0
27042435,20193338814,894,36.088556,128.316777,470.45,0,0
27042465,20193338814,904,36.088845,128.315996,448.11,0,0
27042495,20193338814,914,36.089752,128.316045,431.3,0,0
27042525,20193338814,924,36.090673,128.316022,421.78,0,0
27042565,20193338814,937,36.091762,128.31614,389.08,0,0
27042645,20193338814,964,36.093773,128.3161,313.38,0,0
27042675,20193338814,974,36.094354,128.316859,318.09,0,0
27042705,20193338814,984,36.095019,128.317701,291.07,0,0
27042745,20193338814,997,36.096009,128.318378,267.61,0,0
27042765,20193338814,1004,36.09625,128.318712,265.54,0,0
27042815,20193338814,1021,36.097497,128.318812,239.11,0,0
27042845,20193338814,1031,36.09834,128.319173,233,0,0
27042855,20193338814,1037,36.098888,128.319236,229.69,0,0
27042865,20193338814,1047,36.099817,128.319347,214.23,0,0
27042875,20193338814,1057,36.100832,128.319827,223.11,0,0
27042885,20193338814,1067,36.101704,128.319587,195.8,0,0
27042945,20193338814,1091,36.103401,128.317686,160.6,0,0
27042975,20193338814,1101,36.104344,128.317302,158.42,0,0
27043005,20193338814,1111,36.105361,128.3172,149.41,0,0
27043035,20193338814,1121,36.106353,128.316881,145.15,0,0
27043065,20193338814,1131,36.107305,128.316692,142.04,0,0
27043095,20193338814,1141,36.108292,128.316475,139.38,0,0
27043125,20193338814,1151,36.109232,128.316587,135.47,0,0
27043155,20193338814,1161,36.110208,128.316741,130.79,0,0
27043185,20193338814,1171,36.111235,128.316522,124.7,0,0
27043215,20193338814,1181,36.112079,128.315824,110.59,0,0
27043245,20193338814,1191,36.112681,128.315598,114.64,0,0
27038666,20193338814,10,36.113665,128.315512,113.17,0,0
27038676,20193338814,20,36.114021,128.315289,110.79,0,0
27038686,20193338814,30,36.114898,128.315898,111.69,0,0
27038696,20193338814,40,36.115529,128.316533,105.8,0,0
27038706,20193338814,50,36.116357,128.317221,114.69,0,0
27038736,20193338814,62,36.116931,128.318416,113.66,0,0
27038756,20193338814,69,36.117439,128.318937,104.67,0,0
27038796,20193338814,82,36.118292,128.319974,105.69,0,0
27038836,20193338814,95,36.119447,128.32006,112.68,0,0
27038866,20193338814,104,36.120225,128.319577,114.4,0,0
27039056,20193338814,143,36.121887,128.321414,79.53,0,0
27039136,20193338814,158,36.122366,128.32319,87.7,0,0
27039156,20193338814,162,36.122594,128.323656,87.8,0,0
27039176,20193338814,166,36.122798,128.324043,84.93,0,0
27039186,20193338814,168,36.122911,128.324233,84.82,0,0
27039196,20193338814,170,36.123028,128.324452,83.06,0,0
27039206,20193338814,172,36.123115,128.324685,84.23,0,0
27039216,20193338814,174,36.123178,128.324942,82.59,0,0
27039236,20193338814,178,36.123305,128.325414,88.86,0,0
27039266,20193338814,184,36.123452,128.326005,81.99,0,0
27039296,20193338814,190,36.123529,128.326699,80.38,0,0
27039306,20193338814,192,36.123555,128.32692,85.06,0,0
27039326,20193338814,196,36.123609,128.32737,78.83,0,0
27039356,20193338814,202,36.123654,128.328093,81.57,0,0
27039366,20193338814,204,36.12367,128.328339,79.81,0,0
27039376,20193338814,206,36.123653,128.328571,82.11,0,0
27039386,20193338814,208,36.123703,128.328808,82.58,0,0
27039406,20193338814,212,36.123676,128.329302,80.74,0,0
27039576,20193338814,246,36.12324,128.329826,25.3,0,0
27039586,20193338814,248,36.123109,128.329977,28.2,0,0
27039596,20193338814,250,36.122964,128.330104,36,0,0
27039606,20193338814,252,36.122817,128.330181,48.72,0,0
27039646,20193338814,264,36.122001,128.330568,87.78,0,0
27039666,20193338814,271,36.121353,128.330577,109.93,0,0
27039676,20193338814,274,36.121077,128.330478,109.16,0,0
27039686,20193338814,276,36.120882,128.330429,104.19,0,0
27039696,20193338814,278,36.120723,128.330362,121.62,0,0
27039756,20193338814,291,36.119811,128.330278,144.63,0,0
27039866,20193338814,319,36.119503,128.327452,147.71,0,0
27039876,20193338814,321,36.119359,128.327278,148.44,0,0
27039886,20193338814,323,36.119233,128.327136,147.77,0,0
27039896,20193338814,325,36.119082,128.326994,149.89,0,0
27039956,20193338814,334,36.118892,128.326111,153.07,0,0
27039976,20193338814,337,36.11891,128.325779,148.53,0,0
27040206,20193338814,369,36.118297,128.322959,209.33,0,0
27040226,20193338814,372,36.118043,128.322914,212.71,0,0
27040266,20193338814,378,36.117516,128.323079,202.8,0,0
27040276,20193338814,380,36.117348,128.323203,203.61,0,0
27040286,20193338814,382,36.11716,128.323196,200.11,0,0
27040296,20193338814,384,36.116969,128.323155,201.21,0,0
27040396,20193338814,404,36.115315,128.323082,221.78,0,0
27040406,20193338814,406,36.115179,128.323095,213.57,0,0
27040506,20193338814,425,36.11372,128.322365,285.42,0,0
27040666,20193338814,448,36.111909,128.32196,271.22,0,0
27040696,20193338814,452,36.111561,128.322035,253.69,0,0
27040716,20193338814,455,36.11129,128.322129,277.15,0,0
27040846,20193338814,474,36.109799,128.321441,271.98,0,0
27040876,20193338814,478,36.109422,128.321496,284.43,0,0
27041046,20193338814,502,36.107561,128.321625,267.64,0,0
27041146,20193338814,516,36.106241,128.321474,252.71,0,0
27041166,20193338814,519,36.105967,128.321463,261.01,0,0
27041356,20193338814,551,36.103483,128.323095,272.36,0,0
27041366,20193338814,553,36.103336,128.32321,274.27,0,0
27041386,20193338814,557,36.1032,128.323573,289.99,0,0
27041406,20193338814,561,36.102853,128.323534,293.94,0,0
27041426,20193338814,565,36.102491,128.323656,294.05,0,0
27041436,20193338814,567,36.102316,128.323769,294.25,0,0
27041446,20193338814,569,36.102146,128.323893,288.32,0,0
27041456,20193338814,571,36.101969,128.323982,285.97,0,0
27041466,20193338814,573,36.101813,128.324077,279.83,0,0
27041476,20193338814,575,36.101616,128.324143,283.65,0,0
27041486,20193338814,577,36.10144,128.324218,274.74,0,0
27041496,20193338814,580,36.101165,128.32439,271.47,0,0
27041526,20193338814,590,36.100487,128.325226,261.53,0,0
27041536,20193338814,593,36.100298,128.325496,260.25,0,0
27041586,20193338814,610,36.09937,128.325267,235.15,0,0
27041616,20193338814,620,36.098937,128.326111,277.57,0,0
27041626,20193338814,627,36.098476,128.326624,290.25,0,0
27041636,20193338814,637,36.097825,128.327352,303.53,0,0
27041646,20193338814,647,36.09727,128.328174,334.6,0,0
27041656,20193338814,657,36.097019,128.329036,377.95,0,0
27041666,20193338814,667,36.096323,128.328923,396.28,0,0
27041676,20193338814,677,36.095557,128.329119,395.78,0,0
27041686,20193338814,684,36.094993,128.329258,404.8,0,0
27041696,20193338814,686,36.094854,128.329274,356.16,0,0
27041706,20193338814,688,36.094723,128.32936,406.33,0,0
27041716,20193338814,690,36.094575,128.329429,417.37,0,0
27041726,20193338814,692,36.094379,128.329511,422.9,0,0
27041736,20193338814,694,36.094236,128.329628,411.3,0,0
27041776,20193338814,702,36.093754,128.330027,432.08,0,0
27041816,20193338814,710,36.09331,128.33034,471.7,0,0
27042316,20193338814,811,36.090926,128.323911,538.74,0,0
27042326,20193338814,821,36.091365,128.323069,522.63,0,0
27042336,20193338814,831,36.091777,128.322063,493.39,0,0
27042346,20193338814,841,36.091311,128.321179,477.22,0,0
27042356,20193338814,851,36.090786,128.320221,369.58,0,0
27042366,20193338814,861,36.090751,128.319151,477.52,0,0
27042376,20193338814,871,36.090134,128.318334,473.65,0,0
27042386,20193338814,878,36.08953,128.318044,489.26,0,0
27042426,20193338814,891,36.088556,128.317131,476.33,0,0
27042456,20193338814,901,36.088553,128.315996,448.54,0,0
27042486,20193338814,911,36.08951,128.316064,446.04,0,0
27042516,20193338814,921,36.090411,128.316041,421.81,0,0
27042546,20193338814,931,36.091245,128.316003,396.22,0,0
27042556,20193338814,934,36.091491,128.316144,398.03,0,0
27042596,20193338814,947,36.092609,128.315998,353.94,0,0
27042616,20193338814,954,36.093184,128.315929,341.71,0,0
27042636,20193338814,961,36.093627,128.315872,334.96,0,0
27042666,20193338814,971,36.094173,128.316589,322.44,0,0
27042696,20193338814,981,36.094852,128.317459,302.49,0,0
27042736,20193338814,994,36.09577,128.318387,276.8,0,0
27042756,20193338814,1001,36.096078,128.318518,250.46,0,0
27042786,20193338814,1011,36.096835,128.318785,254.41,0,0
27042806,20193338814,1018,36.097302,128.318762,267.77,0,0
27042836,20193338814,1028,36.098058,128.319192,228.08,0,0
27042856,20193338814,1038,36.098974,128.319281,228.08,0,0
27042866,20193338814,1048,36.099899,128.319393,214.29,0,0
27042876,20193338814,1058,36.100931,128.319839,223.71,0,0
27042886,20193338814,1068,36.101792,128.319528,194.14,0,0
27042906,20193338814,1078,36.102366,128.318529,170.96,0,0
27042936,20193338814,1088,36.103131,128.317777,173.35,0,0
27042966,20193338814,1098,36.104084,128.317408,157.14,0,0
27042996,20193338814,1108,36.105081,128.317105,148.31,0,0
27043026,20193338814,1118,36.106061,128.31705,147.37,0,0
27043056,20193338814,1128,36.107018,128.316608,145.14,0,0
27043086,20193338814,1138,36.108,128.316576,142.63,0,0
27043116,20193338814,1148,36.108955,128.31643,130.8,0,0
27043146,20193338814,1158,36.109909,128.316801,136.29,0,0
27043176,20193338814,1168,36.110909,128.316531,123.47,0,0
27043206,20193338814,1178,36.111866,128.316084,114.54,0,0
27043236,20193338814,1188,36.112458,128.315602,116.48,0,0
27043276,20193338814,1201,36.11346,128.315381,115.46,0,0
27038667,20193338814,11,36.113772,128.31551,112.46,0,0
27038677,20193338814,21,36.114109,128.315381,110.67,0,0
27038687,20193338814,31,36.114903,128.31602,107.52,0,0
27038697,20193338814,41,36.11562,128.316584,107.89,0,0
27038707,20193338814,51,36.116434,128.317302,117.38,0,0
27038717,20193338814,56,36.116712,128.317799,120.02,0,0
27038727,20193338814,59,36.116747,128.318162,117.84,0,0
27038747,20193338814,66,36.117266,128.318653,108.82,0,0
27038787,20193338814,79,36.118083,128.319782,98.46,0,0
27038817,20193338814,89,36.118886,128.32022,108.63,0,0
27038827,20193338814,92,36.119166,128.320212,109.47,0,0
27038857,20193338814,102,36.120059,128.319692,116.6,0,0
27039017,20193338814,135,36.121298,128.320858,95.38,0,0
27039027,20193338814,137,36.121408,128.321108,96,0,0
27039037,20193338814,139,36.121531,128.321295,91.78,0,0
27039047,20193338814,141,36.121703,128.321375,79.69,0,0
27039067,20193338814,145,36.121991,128.321584,92,0,0
27039167,20193338814,164,36.12268,128.323858,88.01,0,0
27039497,20193338814,230,36.124112,128.329306,68.16,0,0
27039617,20193338814,255,36.122565,128.33027,57.4,0,0
27039637,20193338814,261,36.122174,128.33028,83.05,0,0
27039657,20193338814,268,36.121636,128.330609,105.49,0,0
27039727,20193338814,284,36.120315,128.330386,122.25,0,0
27039737,20193338814,286,36.120133,128.330461,132.8,0,0
27039747,20193338814,288,36.119957,128.330526,138.38,0,0
27039777,20193338814,298,36.119896,128.329648,159.08,0,0
27039797,20193338814,305,36.120145,128.328884,166.74,0,0
27039907,20193338814,327,36.118972,128.326807,144.74,0,0
27039997,20193338814,340,36.118758,128.325491,151.79,0,0
27040027,20193338814,344,36.11858,128.325104,164.45,0,0
27040047,20193338814,347,36.118499,128.324788,146.2,0,0
27040157,20193338814,362,36.118286,128.323237,180.41,0,0
27040247,20193338814,375,36.117805,128.323019,200.84,0,0
27040317,20193338814,388,36.116671,128.3233,185.48,0,0
27040347,20193338814,394,36.116161,128.323266,207.02,0,0
27040357,20193338814,396,36.115998,128.323142,213.72,0,0
27040367,20193338814,398,36.115801,128.323141,214.97,0,0
27040377,20193338814,400,36.115641,128.323106,218.84,0,0
27040387,20193338814,402,36.115485,128.323092,230.6,0,0
27040417,20193338814,408,36.114995,128.323069,235.57,0,0
27040447,20193338814,414,36.11459,128.322797,268.27,0,0
27040457,20193338814,416,36.11446,128.322757,275.84,0,0
27040467,20193338814,418,36.114346,128.322636,283.41,0,0
27040477,20193338814,420,36.114173,128.322534,287.49,0,0
27040487,20193338814,422,36.114001,128.322444,289.31,0,0
27040527,20193338814,428,36.113447,128.322289,265.43,0,0
27040567,20193338814,434,36.113044,128.321932,280.8,0,0
27040617,20193338814,441,36.112451,128.321776,252.16,0,0
27040647,20193338814,445,36.112131,128.322068,257.96,0,0
27040727,20193338814,457,36.111094,128.322096,272.79,0,0
27040757,20193338814,461,36.110779,128.321764,271.96,0,0
27040917,20193338814,484,36.108937,128.32105,282.24,0,0
27040947,20193338814,488,36.108574,128.320973,283.32,0,0
27040967,20193338814,491,36.108364,128.321199,273.77,0,0
27041017,20193338814,498,36.107911,128.321776,272.32,0,0
27041187,20193338814,522,36.105786,128.321662,265.9,0,0
27041247,20193338814,531,36.105154,128.322338,272.93,0,0
27041327,20193338814,545,36.103957,128.322819,250.77,0,0
27041337,20193338814,547,36.103809,128.322871,258.27,0,0
27041347,20193338814,549,36.103626,128.322986,263.23,0,0
27041377,20193338814,555,36.103311,128.323405,280.83,0,0
27041517,20193338814,587,36.100737,128.325018,259.14,0,0
27041557,20193338814,600,36.100059,128.325652,248.57,0,0
27041577,20193338814,607,36.099634,128.325333,240.82,0,0
27041607,20193338814,617,36.099004,128.325794,265.13,0,0
27041627,20193338814,628,36.098381,128.326665,289.99,0,0
27041637,20193338814,638,36.097764,128.327397,265.7,0,0
27041647,20193338814,648,36.097278,128.328261,328.07,0,0
27041657,20193338814,658,36.09698,128.329123,359.93,0,0
27041667,20193338814,668,36.096239,128.328883,399.66,0,0
27041677,20193338814,678,36.095453,128.32912,395.38,0,0
27041787,20193338814,704,36.093636,128.330097,453.13,0,0
27041797,20193338814,706,36.093497,128.330092,454.41,0,0
27041907,20193338814,729,36.092113,128.330859,527.24,0,0
27041917,20193338814,731,36.091962,128.330886,526.94,0,0
27041927,20193338814,733,36.091828,128.33094,548.94,0,0
27041937,20193338814,735,36.091699,128.330948,545.96,0,0
27041947,20193338814,737,36.091632,128.3308,504.59,0,0
27041957,20193338814,739,36.091552,128.330733,531.81,0,0
27041967,20193338814,741,36.091442,128.330579,479.8,0,0
27041977,20193338814,743,36.091416,128.330371,507.71,0,0
27041987,20193338814,745,36.09143,128.330178,546.19,0,0
27041997,20193338814,747,36.091393,128.329985,528.37,0,0
27042147,20193338814,778,36.0912,128.326926,551.21,0,0
27042157,20193338814,780,36.091216,128.326734,528.22,0,0
27042207,20193338814,790,36.091379,128.325916,561.79,0,0
27042217,20193338814,792,36.091327,128.325724,567.63,0,0
27042277,20193338814,803,36.091104,128.324692,543.91,0,0
27042287,20193338814,805,36.091104,128.324459,548.75,0,0
27042297,20193338814,807,36.091064,128.324251,509.66,0,0
27042317,20193338814,812,36.090913,128.323817,482.94,0,0
27042327,20193338814,822,36.091424,128.322982,518.62,0,0
27042337,20193338814,832,36.091733,128.321963,493.06,0,0
27042347,20193338814,842,36.091239,128.321099,480.47,0,0
27042357,20193338814,852,36.090754,128.320128,441.82,0,0
27042367,20193338814,862,36.090713,128.319008,474.17,0,0
27042377,20193338814,872,36.090056,128.318287,476.41,0,0
27042417,20193338814,888,36.088686,128.317449,481.37,0,0
27042447,20193338814,898,36.088549,128.316331,459.04,0,0
27042477,20193338814,908,36.089216,128.316041,450.47,0,0
27042507,20193338814,918,36.090134,128.316076,428.92,0,0
27042537,20193338814,928,36.090993,128.315898,402.12,0,0
27042577,20193338814,941,36.092139,128.316114,375.28,0,0
27042587,20193338814,944,36.092382,128.316015,364.04,0,0
27042607,20193338814,951,36.092973,128.315973,327.7,0,0
27042627,20193338814,958,36.093433,128.315727,339.44,0,0
27042657,20193338814,968,36.094059,128.316373,328.2,0,0
27042687,20193338814,978,36.094658,128.317195,311.42,0,0
27042717,20193338814,988,36.095302,128.318092,282.91,0,0
27042727,20193338814,991,36.095538,128.318308,286.12,0,0
27042777,20193338814,1008,36.096608,128.318919,259.84,0,0
27042797,20193338814,1015,36.097063,128.318601,240.07,0,0
27042827,20193338814,1025,36.097797,128.318999,232.98,0,0
27042857,20193338814,1039,36.099071,128.319296,230.1,0,0
27042867,20193338814,1049,36.100093,128.319499,212.9,0,0
27042877,20193338814,1059,36.10096,128.319768,209.26,0,0
27042887,20193338814,1069,36.101825,128.31943,185.7,0,0
27042897,20193338814,1075,36.102133,128.318823,174.7,0,0
27042917,20193338814,1082,36.102656,128.318145,171.64,0,0
27042927,20193338814,1085,36.102889,128.317935,179.63,0,0
27042957,20193338814,1095,36.103796,128.317529,157.57,0,0
27042987,20193338814,1105,36.104709,128.317106,153.6,0,0
27043017,20193338814,1115,36.10577,128.317206,149.33,0,0
27043047,20193338814,1125,36.106737,128.316639,146.67,0,0
27043077,20193338814,1135,36.107698,128.316687,143.56,0,0
27043107,20193338814,1145,36.108657,128.316382,134.54,0,0
27043137,20193338814,1155,36.109622,128.316759,136.93,0,0
27043167,20193338814,1165,36.1106,128.316583,126.26,0,0
27043197,20193338814,1175,36.111624,128.316316,119.57,0,0
27043227,20193338814,1185,36.112244,128.315762,115.38,0,0
27043257,20193338814,1195,36.112921,128.31517,114.23,0,0
27043267,20193338814,1198,36.11322,128.315189,117.45,0,0
27038668,20193338814,12,36.113844,128.315492,92.46,0,0
27038678,20193338814,22,36.114193,128.315461,111.73,0,0
27038688,20193338814,32,36.114895,128.316108,100.98,0,0
27038698,20193338814,42,36.115707,128.316616,111.19,0,0
27038708,20193338814,52,36.116501,128.31739,119.23,0,0
27038768,20193338814,73,36.11772,128.319187,98.05,0,0
27038778,20193338814,76,36.117855,128.31953,90.42,0,0
27038808,20193338814,86,36.118625,128.320202,119.64,0,0
27038848,20193338814,99,36.11979,128.319835,115.4,0,0
27038928,20193338814,117,36.120233,128.319998,99.74,0,0
27038938,20193338814,119,36.120405,128.319928,98.68,0,0
27038948,20193338814,121,36.120595,128.319895,98.08,0,0
27038958,20193338814,123,36.120777,128.319865,97.65,0,0
27038968,20193338814,125,36.120958,128.319972,97.08,0,0
27038988,20193338814,129,36.121151,128.320272,91.02,0,0
27038998,20193338814,131,36.121095,128.320503,94.21,0,0
27039008,20193338814,133,36.121119,128.320722,95.96,0,0
27039078,20193338814,147,36.122058,128.321803,87.17,0,0
27039488,20193338814,228,36.123956,128.329279,77.44,0,0
27039508,20193338814,232,36.124221,128.329472,57.36,0,0
27039568,20193338814,244,36.123389,128.329628,25.19,0,0
